<?xml version="1.0" encoding="UTF-8"?>
<config xmlns="http://www.knime.org/2008/09/XMLConfig" xmlns:xsi="http://www.w3.org/2001/XMLSchema-instance" xsi:schemaLocation="http://www.knime.org/2008/09/XMLConfig http://www.knime.org/XMLConfig_2008_09.xsd" key="model.xml">
    <entry key="version" type="xint" value="1"/>
    <entry key="class_name" type="xstring" value="org.knime.base.data.normalize.NormalizerPortObject"/>
    <config key="model">
        <config key="columns">
            <config key="no_of_week_nights">
                <entry key="column_name" type="xstring" value="no_of_week_nights"/>
                <entry key="column_scale" type="xdouble" value="0.7087650145797614"/>
                <entry key="column_translate" type="xdouble" value="-1.5623310635647754"/>
                <entry key="column_min" type="xdouble" value="NaN"/>
                <entry key="column_max" type="xdouble" value="NaN"/>
            </config>
            <config key="lead_time">
                <entry key="column_name" type="xstring" value="lead_time"/>
                <entry key="column_scale" type="xdouble" value="0.011637268658810812"/>
                <entry key="column_translate" type="xdouble" value="-0.9918741626262307"/>
                <entry key="column_min" type="xdouble" value="NaN"/>
                <entry key="column_max" type="xdouble" value="NaN"/>
            </config>
            <config key="arrival_year">
                <entry key="column_name" type="xstring" value="arrival_year"/>
                <entry key="column_scale" type="xdouble" value="2.605276354555854"/>
                <entry key="column_translate" type="xdouble" value="-5256.979846962365"/>
                <entry key="column_min" type="xdouble" value="NaN"/>
                <entry key="column_max" type="xdouble" value="NaN"/>
            </config>
            <config key="arrival_month">
                <entry key="column_name" type="xstring" value="arrival_month"/>
                <entry key="column_scale" type="xdouble" value="0.32574410257996944"/>
                <entry key="column_translate" type="xdouble" value="-2.4182110714284675"/>
                <entry key="column_min" type="xdouble" value="NaN"/>
                <entry key="column_max" type="xdouble" value="NaN"/>
            </config>
            <config key="arrival_date">
                <entry key="column_name" type="xstring" value="arrival_date"/>
                <entry key="column_scale" type="xdouble" value="0.11441061971138083"/>
                <entry key="column_translate" type="xdouble" value="-1.7844618836919273"/>
                <entry key="column_min" type="xdouble" value="NaN"/>
                <entry key="column_max" type="xdouble" value="NaN"/>
            </config>
            <config key="avg_price_per_room">
                <entry key="column_name" type="xstring" value="avg_price_per_room"/>
                <entry key="column_scale" type="xdouble" value="0.028498615393729426"/>
                <entry key="column_translate" type="xdouble" value="-2.94742766279946"/>
                <entry key="column_min" type="xdouble" value="NaN"/>
                <entry key="column_max" type="xdouble" value="NaN"/>
            </config>
        </config>
        <entry key="summary" type="xstring" value="Z-Score (Gaussian) normalization on 6 column(s)"/>
    </config>
</config>
